ID_ESTAC,NOM_ESTACIO,NOM_ORIGINAL,DATA_DIA,DATA_EXTRACCIO,URL_FONT,GRUIX_NEU_MAX,HUMITAT_MITJANA_DIA,PRECIPITACIO_ACUM_DIA,PRESSIO_ATMOSFERICA,RADIACIO_GLOBAL,RATXA_VENT_MAX,TEMPERATURA_MAXIMA_DIA,TEMPERATURA_MINIMA_DIA,TEMPERATURA_MITJANA_DIA
WB,Albesa,ALBESA_WB,2026-10-05,2026-10-05 14:15:59,https://www.meteo.cat/observacions/xema/dades?codi=WB&dia=2026-10-05T09:00Z,,77%,0.0 mm,,12.0 MJ/m2,16.9 km/h - 145º 10:57 TU,28.3 °C 13:19 TU,15.3 °C 6:36 TU,20.3 °C
XY,Alcarràs,ALCARRAS_XY,2026-10-05,2026-10-05 14:16:03,https://www.meteo.cat/observacions/xema/dades?codi=XY&dia=2026-10-05T09:00Z,,85%,0.0 mm,,,10.4 km/h - 70º 11:53 TU,29.3 °C 13:53 TU,14.1 °C 5:50 TU,19.3 °C
U7,Aldover,ALDOVER_U7,2026-10-05,2026-10-05 14:16:05,https://www.meteo.cat/observacions/xema/dades?codi=U7&dia=2026-10-05T09:00Z,,85%,0.6 mm,,12.2 MJ/m2,16.2 km/h - 131º 13:53 TU,28.7 °C 13:00 TU,19.2 °C 6:05 TU,22.2 °C
WK,Alfarràs,ALFARRAS_WK,2026-10-05,2026-10-05 14:16:08,https://www.meteo.cat/observacions/xema/dades?codi=WK&dia=2026-10-05T09:00Z,,78%,0.0 mm,,,15.1 km/h - 175º 10:34 TU,28.7 °C 13:55 TU,13.4 °C 4:49 TU,20.1 °C
WG,Algerri,ALGERRI_WG,2026-10-05,2026-10-05 14:16:11,https://www.meteo.cat/observacions/xema/dades?codi=WG&dia=2026-10-05T09:00Z,,73%,0.0 mm,,12.4 MJ/m2,18.0 km/h - 54º 10:33 TU,27.9 °C 13:58 TU,16.5 °C 6:04 TU,20.6 °C
X3,Alguaire,ALGUAIRE_X3,2026-10-05,2026-10-05 14:16:13,https://www.meteo.cat/observacions/xema/dades?codi=X3&dia=2026-10-05T09:00Z,,80%,0.0 mm,1020.9 hPa,12.6 MJ/m2,25.9 km/h - 70º 0:01 TU,27.2 °C 13:59 TU,15.7 °C 3:17 TU,19.8 °C
ZB,Alins - Salòria (2.451 m),ALINS___SALORIA_2451_M_ZB,2026-10-05,2026-10-05 14:16:16,https://www.meteo.cat/observacions/xema/dades?codi=ZB&dia=2026-10-05T09:00Z,0 cm,91%,0.0 mm,,7.4 MJ/m2,18.4 km/h - 182º 10:13 TU,10.6 °C 11:30 TU,5.5 °C 4:00 TU,7.5 °C
YT,Alt Àneu - Bonabé (1.693 m),ALT_ANEU___BONABE_1693_M_YT,2026-10-05,2026-10-05 14:16:19,https://www.meteo.cat/observacions/xema/dades?codi=YT&dia=2026-10-05T09:00Z,sense dades,sense dades,sense dades,,sense dades,,sense dades sense dades,sense dades sense dades,sense dades
Z1,Alt Àneu - Bonaigua (2.266 m),ALT_ANEU___BONAIGUA_2266_M_Z1,2026-10-05,2026-10-05 14:16:22,https://www.meteo.cat/observacions/xema/dades?codi=Z1&dia=2026-10-05T09:00Z,6 cm,89%,0.0 mm,,11.6 MJ/m2,23.8 km/h - 117º 11:01 TU,12.5 °C 13:40 TU,6.8 °C 3:07 TU,8.8 °C
UU,Amposta,AMPOSTA_UU,2026-10-05,2026-10-05 14:16:24,https://www.meteo.cat/observacions/xema/dades?codi=UU&dia=2026-10-05T09:00Z,,81%,0.0 mm,1020.8 hPa,11.8 MJ/m2,26.3 km/h - 40º 0:32 TU,25.5 °C 13:58 TU,20.7 °C 7:33 TU,22.4 °C
XX,Anglesola - Tornabous,ANGLESOLA___TORNABOUS_XX,2026-10-05,2026-10-05 14:16:27,https://www.meteo.cat/observacions/xema/dades?codi=XX&dia=2026-10-05T09:00Z,,82%,0.0 mm,,,13.3 km/h - 47º 1:23 TU,28.0 °C 13:56 TU,16.4 °C 2:30 TU,19.9 °C
DN,Anglès,ANGLES_DN,2026-10-05,2026-10-05 14:16:30,https://www.meteo.cat/observacions/xema/dades?codi=DN&dia=2026-10-05T09:00Z,,97%,2.4 mm,1021.8 hPa,1.5 MJ/m2,10.4 km/h - 327º 2:51 TU,20.4 °C 13:12 TU,14.6 °C 1:41 TU,17.0 °C
Z6,Arres - Sasseuva (2.228 m),ARRES___SASSEUVA_2228_M_Z6,2026-10-05,2026-10-05 14:16:33,https://www.meteo.cat/observacions/xema/dades?codi=Z6&dia=2026-10-05T09:00Z,0 cm,80%,0.0 mm,,11.9 MJ/m2,13.0 km/h - 212º 11:21 TU,12.3 °C 11:59 TU,7.2 °C 3:03 TU,9.3 °C
X6,Artesa de Segre - Baldomar,ARTESA_DE_SEGRE___BALDOMAR_X6,2026-10-05,2026-10-05 14:16:35,https://www.meteo.cat/observacions/xema/dades?codi=X6&dia=2026-10-05T09:00Z,,79%,0.0 mm,,10.8 MJ/m2,16.9 km/h - 138º 12:25 TU,28.6 °C 13:47 TU,15.7 °C 6:12 TU,19.8 °C
WW,Artés,ARTES_WW,2026-10-05,2026-10-05 14:16:38,https://www.meteo.cat/observacions/xema/dades?codi=WW&dia=2026-10-05T09:00Z,,90%,0.0 mm,,,,25.3 °C 13:42 TU,14.1 °C 5:13 TU,17.6 °C
VA,Ascó,ASCO_VA,2026-10-05,2026-10-05 14:16:41,https://www.meteo.cat/observacions/xema/dades?codi=VA&dia=2026-10-05T09:00Z,,85%,0.0 mm,,11.9 MJ/m2,13.7 km/h - 72º 12:54 TU,28.1 °C 13:32 TU,16.7 °C 6:08 TU,20.9 °C
WU,Badalona - Museu,BADALONA___MUSEU_WU,2026-10-05,2026-10-05 14:16:43,https://www.meteo.cat/observacions/xema/dades?codi=WU&dia=2026-10-05T09:00Z,,84%,55.6 mm,1021.7 hPa,4.4 MJ/m2,29.9 km/h - 12º 6:19 TU,23.0 °C 13:52 TU,17.6 °C 8:33 TU,19.8 °C
DJ,Banyoles,BANYOLES_DJ,2026-10-05,2026-10-05 14:16:46,https://www.meteo.cat/observacions/xema/dades?codi=DJ&dia=2026-10-05T09:00Z,,96%,0.0 mm,1022.0 hPa,2.6 MJ/m2,14.8 km/h - 319º 7:48 TU,21.6 °C 12:03 TU,16.3 °C 3:11 TU,18.3 °C
X4,Barcelona - el Raval,BARCELONA___EL_RAVAL_X4,2026-10-05,2026-10-05 14:16:49,https://www.meteo.cat/observacions/xema/dades?codi=X4&dia=2026-10-05T09:00Z,,85%,43.8 mm,1020.8 hPa,4.2 MJ/m2,23.8 km/h - 327º 7:59 TU,23.6 °C 13:38 TU,18.0 °C 8:39 TU,19.9 °C
D5,Barcelona - Observatori Fabra,BARCELONA___OBSERVATORI_FABRA_D5,2026-10-05,2026-10-05 14:16:52,https://www.meteo.cat/observacions/xema/dades?codi=D5&dia=2026-10-05T09:00Z,,92%,74.8 mm,1020.7 hPa,5.1 MJ/m2,51.5 km/h - 22º 7:38 TU,20.1 °C 13:38 TU,16.0 °C 6:54 TU,17.4 °C
X8,Barcelona - Zona Universitària,BARCELONA___ZONA_UNIVERSITARIA_X8,2026-10-05,2026-10-05 14:16:54,https://www.meteo.cat/observacions/xema/dades?codi=X8&dia=2026-10-05T09:00Z,,89%,28.1 mm,1021.1 hPa,4.9 MJ/m2,29.2 km/h - 42º 8:04 TU,23.3 °C 13:50 TU,17.9 °C 7:43 TU,19.7 °C
YX,Batea,BATEA_YX,2026-10-05,2026-10-05 14:16:57,https://www.meteo.cat/observacions/xema/dades?codi=YX&dia=2026-10-05T09:00Z,,85%,0.0 mm,,13.4 MJ/m2,,27.9 °C 13:56 TU,16.3 °C 7:07 TU,19.8 °C
UF,Begues - Pn del Garraf - el Rascler,BEGUES___PN_DEL_GARRAF___EL_RASCLER_UF,2026-10-05,2026-10-05 14:17:00,https://www.meteo.cat/observacions/xema/dades?codi=UF&dia=2026-10-05T09:00Z,,88%,31.7 mm,,6.3 MJ/m2,28.4 km/h - 62º 8:40 TU,20.7 °C 13:05 TU,15.0 °C 4:51 TU,17.1 °C
VB,Benissanet,BENISSANET_VB,2026-10-05,2026-10-05 14:17:03,https://www.meteo.cat/observacions/xema/dades?codi=VB&dia=2026-10-05T09:00Z,,83%,0.0 mm,,12.2 MJ/m2,24.8 km/h - 207º 13:31 TU,28.9 °C 13:29 TU,18.1 °C 6:30 TU,21.6 °C
WM,Berga - Santuari de Queralt,BERGA___SANTUARI_DE_QUERALT_WM,2026-10-05,2026-10-05 14:17:06,https://www.meteo.cat/observacions/xema/dades?codi=WM&dia=2026-10-05T09:00Z,,82%,0.1 mm,,9.1 MJ/m2,22.0 km/h - 351º 8:07 TU,22.0 °C 13:01 TU,13.7 °C 0:51 TU,16.2 °C
W8,Blancafort,BLANCAFORT_W8,2026-10-05,2026-10-05 14:17:08,https://www.meteo.cat/observacions/xema/dades?codi=W8&dia=2026-10-05T09:00Z,,86%,0.0 mm,,,,26.4 °C 13:44 TU,16.0 °C 5:52 TU,19.5 °C
YS,Cabanes,CABANES_YS,2026-10-05,2026-10-05 14:17:11,https://www.meteo.cat/observacions/xema/dades?codi=YS&dia=2026-10-05T09:00Z,,92%,0.2 mm,,3.1 MJ/m2,11.5 km/h - 302º 11:02 TU,23.1 °C 13:52 TU,15.5 °C 2:12 TU,18.3 °C
UP,Cabrils,CABRILS_UP,2026-10-05,2026-10-05 14:17:14,https://www.meteo.cat/observacions/xema/dades?codi=UP&dia=2026-10-05T09:00Z,,87%,30.0 mm,1020.8 hPa,4.5 MJ/m2,36.7 km/h - 353º 6:37 TU,23.7 °C 13:26 TU,17.6 °C 9:53 TU,19.8 °C
X9,Caldes de Montbui,CALDES_DE_MONTBUI_X9,2026-10-05,2026-10-05 14:17:16,https://www.meteo.cat/observacions/xema/dades?codi=X9&dia=2026-10-05T09:00Z,,98%,18.0 mm,1021.1 hPa,6.1 MJ/m2,21.6 km/h - 156º 8:34 TU,23.5 °C 13:37 TU,15.9 °C 4:38 TU,18.0 °C
WX,Camarasa,CAMARASA_WX,2026-10-05,2026-10-05 14:17:19,https://www.meteo.cat/observacions/xema/dades?codi=WX&dia=2026-10-05T09:00Z,,79%,0.0 mm,,11.1 MJ/m2,14.4 km/h - 76º 1:23 TU,26.3 °C 13:18 TU,15.1 °C 6:14 TU,18.7 °C
XU,Canyelles,CANYELLES_XU,2026-10-05,2026-10-05 14:17:22,https://www.meteo.cat/observacions/xema/dades?codi=XU&dia=2026-10-05T09:00Z,,88%,28.8 mm,,7.9 MJ/m2,22.7 km/h - 321º 7:20 TU,25.8 °C 13:53 TU,17.2 °C 7:30 TU,19.3 °C
MQ,Cardona,CARDONA_MQ,2026-10-05,2026-10-05 14:17:25,https://www.meteo.cat/observacions/xema/dades?codi=MQ&dia=2026-10-05T09:00Z,,88%,0.0 mm,,,,25.9 °C 13:27 TU,13.7 °C 4:04 TU,17.5 °C
UN,Cassà de la Selva,CASSA_DE_LA_SELVA_UN,2026-10-05,2026-10-05 14:17:27,https://www.meteo.cat/observacions/xema/dades?codi=UN&dia=2026-10-05T09:00Z,,95%,14.8 mm,,2.4 MJ/m2,20.9 km/h - 49º 4:55 TU,20.0 °C 13:48 TU,16.0 °C 0:51 TU,18.5 °C
DO,"Castell D'aro, Platja D'aro i S'agaró - Castell D'aro",CASTELL_DARO_PLATJA_DARO_I_SAGARO___CASTELL_DARO_D,2026-10-05,2026-10-05 14:17:30,https://www.meteo.cat/observacions/xema/dades?codi=DO&dia=2026-10-05T09:00Z,,100%,16.1 mm,1021.5 hPa,1.3 MJ/m2,22.0 km/h - 253º 2:20 TU,20.6 °C 13:58 TU,16.4 °C 0:34 TU,18.4 °C
MS,Castellar de N'hug - el Clot del Moro,CASTELLAR_DE_NHUG___EL_CLOT_DEL_MORO_MS,2026-10-05,2026-10-05 14:17:33,https://www.meteo.cat/observacions/xema/dades?codi=MS&dia=2026-10-05T09:00Z,,88%,0.0 mm,,,,22.3 °C 13:37 TU,10.4 °C 5:00 TU,14.4 °C
XC,Castellbisbal,CASTELLBISBAL_XC,2026-10-05,2026-10-05 14:17:35,https://www.meteo.cat/observacions/xema/dades?codi=XC&dia=2026-10-05T09:00Z,,98%,38.5 mm,1021.6 hPa,5.9 MJ/m2,18.7 km/h - 42º 8:46 TU,23.5 °C 13:26 TU,16.6 °C 6:31 TU,18.1 °C
U4,Castellnou de Bages,CASTELLNOU_DE_BAGES_U4,2026-10-05,2026-10-05 14:17:38,https://www.meteo.cat/observacions/xema/dades?codi=U4&dia=2026-10-05T09:00Z,,85%,0.0 mm,,9.3 MJ/m2,15.5 km/h - 12º 3:53 TU,25.5 °C 13:40 TU,15.3 °C 3:09 TU,18.2 °C
C6,Castellnou de Seana,CASTELLNOU_DE_SEANA_C6,2026-10-05,2026-10-05 14:17:41,https://www.meteo.cat/observacions/xema/dades?codi=C6&dia=2026-10-05T09:00Z,,78%,0.0 mm,1020.5 hPa,10.5 MJ/m2,17.6 km/h - 60º 10:21 TU,28.3 °C 13:40 TU,16.7 °C 6:20 TU,20.3 °C
W1,Castelló D'empúries,CASTELLO_DEMPURIES_W1,2026-10-05,2026-10-05 14:17:43,https://www.meteo.cat/observacions/xema/dades?codi=W1&dia=2026-10-05T09:00Z,,100%,0.6 mm,,,,22.9 °C 11:39 TU,15.9 °C 1:47 TU,18.7 °C
C8,Cervera,CERVERA_C8,2026-10-05,2026-10-05 14:17:46,https://www.meteo.cat/observacions/xema/dades?codi=C8&dia=2026-10-05T09:00Z,,77%,0.0 mm,1020.4 hPa,10.6 MJ/m2,22.3 km/h - 109º 10:13 TU,26.1 °C 13:43 TU,15.8 °C 3:49 TU,19.0 °C
VQ,Constantí,CONSTANTI_VQ,2026-10-05,2026-10-05 14:17:49,https://www.meteo.cat/observacions/xema/dades?codi=VQ&dia=2026-10-05T09:00Z,,78%,0.0 mm,1020.4 hPa,9.1 MJ/m2,21.6 km/h - 85º 11:41 TU,25.2 °C 13:14 TU,18.5 °C 3:00 TU,21.0 °C
MR,Cornudella de Montsant - Pantà de Siurana,CORNUDELLA_DE_MONTSANT___PANTA_DE_SIURANA_MR,2026-10-05,2026-10-05 14:17:51,https://www.meteo.cat/observacions/xema/dades?codi=MR&dia=2026-10-05T09:00Z,,77%,0.0 mm,1020.2 hPa,11.3 MJ/m2,23.8 km/h - 168º 13:11 TU,27.1 °C 12:15 TU,16.9 °C 3:38 TU,20.2 °C
WZ,Cunit,CUNIT_WZ,2026-10-05,2026-10-05 14:17:54,https://www.meteo.cat/observacions/xema/dades?codi=WZ&dia=2026-10-05T09:00Z,,86%,29.9 mm,1020.7 hPa,8.4 MJ/m2,20.9 km/h - 351º 3:54 TU,24.7 °C 13:22 TU,17.8 °C 6:55 TU,20.2 °C
DP,Das - Aeròdrom,DAS___AERODROM_DP,2026-10-05,2026-10-05 14:17:57,https://www.meteo.cat/observacions/xema/dades?codi=DP&dia=2026-10-05T09:00Z,2 cm,91%,0.1 mm,1023.4 hPa,10.1 MJ/m2,19.8 km/h - 236º 13:06 TU,22.5 °C 12:48 TU,7.1 °C 5:43 TU,11.7 °C
UQ,Dosrius - Pn Montnegre Corredor,DOSRIUS___PN_MONTNEGRE_CORREDOR_UQ,2026-10-05,2026-10-05 14:18:00,https://www.meteo.cat/observacions/xema/dades?codi=UQ&dia=2026-10-05T09:00Z,,92%,15.8 mm,,3.8 MJ/m2,19.4 km/h - 83º 13:27 TU,19.9 °C 13:52 TU,15.5 °C 6:16 TU,17.0 °C
WJ,El Masroig - el Masroig,EL_MASROIG___EL_MASROIG_WJ,2026-10-05,2026-10-05 14:18:02,https://www.meteo.cat/observacions/xema/dades?codi=WJ&dia=2026-10-05T09:00Z,,82%,0.0 mm,,,13.3 km/h - 243º 11:45 TU,28.9 °C 13:48 TU,16.8 °C 6:01 TU,20.5 °C
UH,El Montmell - el Montmell,EL_MONTMELL___EL_MONTMELL_UH,2026-10-05,2026-10-05 14:18:06,https://www.meteo.cat/observacions/xema/dades?codi=UH&dia=2026-10-05T09:00Z,,85%,3.9 mm,,8.8 MJ/m2,25.6 km/h - 30º 3:22 TU,23.9 °C 13:02 TU,15.3 °C 6:31 TU,18.1 °C
DB,El Perelló - el Perelló,EL_PERELLO___EL_PERELLO_DB,2026-10-05,2026-10-05 14:18:08,https://www.meteo.cat/observacions/xema/dades?codi=DB&dia=2026-10-05T09:00Z,,81%,0.1 mm,1020.5 hPa,11.6 MJ/m2,25.9 km/h - 68º 10:28 TU,25.2 °C 11:36 TU,18.7 °C 6:10 TU,21.1 °C
V8,El Poal - el Poal,EL_POAL___EL_POAL_V8,2026-10-05,2026-10-05 14:18:11,https://www.meteo.cat/observacions/xema/dades?codi=V8&dia=2026-10-05T09:00Z,,81%,0.0 mm,,10.3 MJ/m2,12.2 km/h - 112º 10:12 TU,28.5 °C 13:58 TU,15.8 °C 5:16 TU,20.2 °C
CT,El Pont de Suert - el Pont de Suert,EL_PONT_DE_SUERT___EL_PONT_DE_SUERT_CT,2026-10-05,2026-10-05 14:18:14,https://www.meteo.cat/observacions/xema/dades?codi=CT&dia=2026-10-05T09:00Z,,81%,0.0 mm,1021.4 hPa,12.6 MJ/m2,16.9 km/h - 179º 11:04 TU,24.9 °C 13:38 TU,11.9 °C 5:00 TU,16.5 °C
XL,El Prat de Llobregat - el Prat de Llobregat,EL_PRAT_DE_LLOBREGAT___EL_PRAT_DE_LLOBREGAT_XL,2026-10-05,2026-10-05 14:18:16,https://www.meteo.cat/observacions/xema/dades?codi=XL&dia=2026-10-05T09:00Z,,92%,24.8 mm,,4.7 MJ/m2,20.2 km/h - 313º 5:02 TU,23.9 °C 13:16 TU,17.6 °C 5:47 TU,19.1 °C
Y7,El Prat de Llobregat - Port de Barcelona - Bocana Sud,EL_PRAT_DE_LLOBREGAT___PORT_DE_BARCELONA___BOCANA_,2026-10-05,2026-10-05 14:18:19,https://www.meteo.cat/observacions/xema/dades?codi=Y7&dia=2026-10-05T09:00Z,,,,,,,,,
YQ,El Prat de Llobregat - Port de Barcelona - Zal Prat,EL_PRAT_DE_LLOBREGAT___PORT_DE_BARCELONA___ZAL_PRA,2026-10-05,2026-10-05 14:18:22,https://www.meteo.cat/observacions/xema/dades?codi=YQ&dia=2026-10-05T09:00Z,,86%,38.7 mm,1020.6 hPa,4.8 MJ/m2,30.6 km/h - 82º 0:25 TU,23.3 °C 13:19 TU,17.8 °C 5:33 TU,20.0 °C
D9,El Vendrell - el Vendrell,EL_VENDRELL___EL_VENDRELL_D9,2026-10-05,2026-10-05 14:18:24,https://www.meteo.cat/observacions/xema/dades?codi=D9&dia=2026-10-05T09:00Z,,90%,15.6 mm,1020.8 hPa,8.3 MJ/m2,23.8 km/h - 338º 6:00 TU,24.9 °C 12:03 TU,17.1 °C 1:40 TU,19.7 °C
XM,Els Alamús - els Alamús,ELS_ALAMUS___ELS_ALAMUS_XM,2026-10-05,2026-10-05 14:18:27,https://www.meteo.cat/observacions/xema/dades?codi=XM&dia=2026-10-05T09:00Z,,85%,0.0 mm,,,12.6 km/h - 325º 12:13 TU,27.6 °C 13:39 TU,14.6 °C 6:13 TU,19.3 °C
CE,Els Hostalets de Pierola - els Hostalets de Pierola,ELS_HOSTALETS_DE_PIEROLA___ELS_HOSTALETS_DE_PIEROL,2026-10-05,2026-10-05 14:18:30,https://www.meteo.cat/observacions/xema/dades?codi=CE&dia=2026-10-05T09:00Z,,92%,0.0 mm,1021.0 hPa,8.5 MJ/m2,20.2 km/h - 103º 13:59 TU,24.0 °C 11:58 TU,16.5 °C 2:37 TU,18.6 °C
VD,Els Plans de Sió - el Canós,ELS_PLANS_DE_SIO___EL_CANOS_VD,2026-10-05,2026-10-05 14:18:32,https://www.meteo.cat/observacions/xema/dades?codi=VD&dia=2026-10-05T09:00Z,,78%,0.0 mm,,9.8 MJ/m2,13.7 km/h - 218º 13:52 TU,28.4 °C 13:48 TU,15.7 °C 2:30 TU,19.5 °C
VZ,Espolla,ESPOLLA_VZ,2026-10-05,2026-10-05 14:18:35,https://www.meteo.cat/observacions/xema/dades?codi=VZ&dia=2026-10-05T09:00Z,,94%,1.9 mm,,,,22.6 °C 12:17 TU,15.3 °C 2:06 TU,18.8 °C
Z7,Espot (2.519 m),ESPOT_2519_M_Z7,2026-10-05,2026-10-05 14:18:38,https://www.meteo.cat/observacions/xema/dades?codi=Z7&dia=2026-10-05T09:00Z,0 cm,88%,0.0 mm,,5.9 MJ/m2,14.8 km/h - 228º 1:11 TU,11.0 °C 13:31 TU,5.3 °C 4:09 TU,7.2 °C
X1,Falset,FALSET_X1,2026-10-05,2026-10-05 14:18:41,https://www.meteo.cat/observacions/xema/dades?codi=X1&dia=2026-10-05T09:00Z,,79%,0.0 mm,1020.6 hPa,11.7 MJ/m2,23.4 km/h - 118º 0:11 TU,25.9 °C 13:20 TU,16.4 °C 5:37 TU,20.2 °C
KP,Fogars de la Selva,FOGARS_DE_LA_SELVA_KP,2026-10-05,2026-10-05 14:18:43,https://www.meteo.cat/observacions/xema/dades?codi=KP&dia=2026-10-05T09:00Z,,99%,21.8 mm,,,,20.4 °C 13:53 TU,16.0 °C 3:35 TU,17.3 °C
XK,Fogars de Montclús - Puig Sesolles (1.668 m),FOGARS_DE_MONTCLUS___PUIG_SESOLLES_1668_M_XK,2026-10-05,2026-10-05 14:18:46,https://www.meteo.cat/observacions/xema/dades?codi=XK&dia=2026-10-05T09:00Z,0 cm,100%,4.3 mm,,0.0 MJ/m2,43.9 km/h - 83º 6:53 TU,12.1 °C 0:25 TU,9.7 °C 5:16 TU,11.1 °C
DI,Font-rubí,FONT_RUBI_DI,2026-10-05,2026-10-05 14:18:49,https://www.meteo.cat/observacions/xema/dades?codi=DI&dia=2026-10-05T09:00Z,,80%,2.2 mm,1021.0 hPa,9.0 MJ/m2,27.4 km/h - 26º 9:48 TU,24.2 °C 12:40 TU,16.2 °C 6:05 TU,19.2 °C
UO,Fornells de la Selva,FORNELLS_DE_LA_SELVA_UO,2026-10-05,2026-10-05 14:18:51,https://www.meteo.cat/observacions/xema/dades?codi=UO&dia=2026-10-05T09:00Z,,96%,3.0 mm,,,,21.1 °C 13:59 TU,15.6 °C 2:10 TU,17.6 °C
Y4,Fígols i Alinyà - Alinyà,FIGOLS_I_ALINYA___ALINYA_Y4,2026-10-05,2026-10-05 14:18:54,https://www.meteo.cat/observacions/xema/dades?codi=Y4&dia=2026-10-05T09:00Z,,81%,0.1 mm,,,,20.9 °C 13:50 TU,12.6 °C 6:13 TU,14.9 °C
XP,Gandesa,GANDESA_XP,2026-10-05,2026-10-05 14:18:56,https://www.meteo.cat/observacions/xema/dades?codi=XP&dia=2026-10-05T09:00Z,,87%,0.1 mm,,12.5 MJ/m2,12.2 km/h - 62º 0:19 TU,27.3 °C 13:21 TU,16.0 °C 6:30 TU,20.1 °C
VH,Gimenells i el Pla de la Font - Gimenells,GIMENELLS_I_EL_PLA_DE_LA_FONT___GIMENELLS_VH,2026-10-05,2026-10-05 14:18:59,https://www.meteo.cat/observacions/xema/dades?codi=VH&dia=2026-10-05T09:00Z,,77%,0.0 mm,,12.8 MJ/m2,16.2 km/h - 132º 10:11 TU,30.2 °C 13:27 TU,13.9 °C 6:15 TU,20.3 °C
XJ,Girona,GIRONA_XJ,2026-10-05,2026-10-05 14:19:02,https://www.meteo.cat/observacions/xema/dades?codi=XJ&dia=2026-10-05T09:00Z,,99%,0.9 mm,1021.8 hPa,2.0 MJ/m2,11.9 km/h - 16º 13:24 TU,21.0 °C 13:16 TU,14.4 °C 1:35 TU,17.2 °C
UI,Gisclareny,GISCLARENY_UI,2026-10-05,2026-10-05 14:19:05,https://www.meteo.cat/observacions/xema/dades?codi=UI&dia=2026-10-05T09:00Z,,93%,0.1 mm,,,,17.7 °C 11:50 TU,10.4 °C 5:38 TU,13.2 °C
WC,Golmés,GOLMES_WC,2026-10-05,2026-10-05 14:19:07,https://www.meteo.cat/observacions/xema/dades?codi=WC&dia=2026-10-05T09:00Z,,80%,0.0 mm,,11.1 MJ/m2,13.7 km/h - 76º 10:10 TU,28.0 °C 13:20 TU,16.4 °C 6:43 TU,19.9 °C
YM,Granollers,GRANOLLERS_YM,2026-10-05,2026-10-05 14:19:10,https://www.meteo.cat/observacions/xema/dades?codi=YM&dia=2026-10-05T09:00Z,,94%,108.1 mm,,,,22.4 °C 13:55 TU,16.1 °C 6:21 TU,18.0 °C
WV,Guardiola de Berguedà,GUARDIOLA_DE_BERGUEDA_WV,2026-10-05,2026-10-05 14:19:13,https://www.meteo.cat/observacions/xema/dades?codi=WV&dia=2026-10-05T09:00Z,,89%,0.0 mm,1022.1 hPa,7.8 MJ/m2,13.3 km/h - 151º 13:15 TU,23.9 °C 12:36 TU,11.8 °C 2:42 TU,15.5 °C
MV,Guixers - Valls,GUIXERS___VALLS_MV,2026-10-05,2026-10-05 14:19:15,https://www.meteo.cat/observacions/xema/dades?codi=MV&dia=2026-10-05T09:00Z,,87%,0.0 mm,,,,23.5 °C 13:22 TU,9.2 °C 6:13 TU,14.4 °C
D8,Horta de Sant Joan,HORTA_DE_SANT_JOAN_D8,2026-10-05,2026-10-05 14:19:18,https://www.meteo.cat/observacions/xema/dades?codi=D8&dia=2026-10-05T09:00Z,,87%,0.1 mm,1020.3 hPa,13.2 MJ/m2,21.6 km/h - 113º 0:38 TU,26.1 °C 13:55 TU,16.4 °C 7:30 TU,19.4 °C
CP,Isona i Conca Dellà - Sant Romà D'abella,ISONA_I_CONCA_DELLA___SANT_ROMA_DABELLA_CP,2026-10-05,2026-10-05 14:19:20,https://www.meteo.cat/observacions/xema/dades?codi=CP&dia=2026-10-05T09:00Z,,80%,0.0 mm,1020.8 hPa,11.5 MJ/m2,17.6 km/h - 245º 13:38 TU,28.3 °C 13:35 TU,13.7 °C 6:26 TU,18.4 °C
U9,L'aldea - L'aldea,LALDEA___LALDEA_U9,2026-10-05,2026-10-05 14:19:23,https://www.meteo.cat/observacions/xema/dades?codi=U9&dia=2026-10-05T09:00Z,,82%,0.2 mm,,11.9 MJ/m2,19.1 km/h - 110º 12:57 TU,25.5 °C 11:58 TU,19.9 °C 4:06 TU,22.0 °C
UA,L'ametlla de Mar - L'ametlla de Mar,LAMETLLA_DE_MAR___LAMETLLA_DE_MAR_UA,2026-10-05,2026-10-05 14:19:26,https://www.meteo.cat/observacions/xema/dades?codi=UA&dia=2026-10-05T09:00Z,,80%,0.0 mm,,11.3 MJ/m2,20.5 km/h - 134º 10:48 TU,24.5 °C 11:00 TU,19.2 °C 4:06 TU,21.4 °C
CW,L'espluga de Francolí - L'espluga de Francolí,LESPLUGA_DE_FRANCOLI___LESPLUGA_DE_FRANCOLI_CW,2026-10-05,2026-10-05 14:19:29,https://www.meteo.cat/observacions/xema/dades?codi=CW&dia=2026-10-05T09:00Z,,86%,0.0 mm,1020.7 hPa,9.4 MJ/m2,20.2 km/h - 68º 13:25 TU,25.5 °C 13:09 TU,15.0 °C 3:04 TU,18.5 °C
YU,L'esquirol - Cantonigròs,LESQUIROL___CANTONIGROS_YU,2026-10-05,2026-10-05 14:19:31,https://www.meteo.cat/observacions/xema/dades?codi=YU&dia=2026-10-05T09:00Z,,78%,0.0 mm,,5.8 MJ/m2,25.9 km/h - 65º 13:48 TU,18.9 °C 13:23 TU,13.9 °C 1:08 TU,16.3 °C
DF,La Bisbal D'empordà - la Bisbal D'empordà,LA_BISBAL_DEMPORDA___LA_BISBAL_DEMPORDA_DF,2026-10-05,2026-10-05 14:19:34,https://www.meteo.cat/observacions/xema/dades?codi=DF&dia=2026-10-05T09:00Z,,99%,12.1 mm,1022.0 hPa,2.1 MJ/m2,24.1 km/h - 72º 12:58 TU,21.2 °C 13:59 TU,15.9 °C 0:30 TU,17.8 °C
WO,La Bisbal del Penedès - la Bisbal del Penedès,LA_BISBAL_DEL_PENEDES___LA_BISBAL_DEL_PENEDES_WO,2026-10-05,2026-10-05 14:19:37,https://www.meteo.cat/observacions/xema/dades?codi=WO&dia=2026-10-05T09:00Z,,85%,2.4 mm,,,,25.2 °C 13:33 TU,17.1 °C 3:27 TU,19.9 °C
ZE,La Coma i la Pedra - el Port del Comte (2.290 m),LA_COMA_I_LA_PEDRA___EL_PORT_DEL_COMTE_2290_M_ZE,2026-10-05,2026-10-05 14:19:39,https://www.meteo.cat/observacions/xema/dades?codi=ZE&dia=2026-10-05T09:00Z,0 cm,99%,0.0 mm,,5.9 MJ/m2,20.9 km/h - 137º 9:51 TU,10.6 °C 11:34 TU,6.4 °C 2:14 TU,7.9 °C
UM,La Granadella - la Granadella,LA_GRANADELLA___LA_GRANADELLA_UM,2026-10-05,2026-10-05 14:19:42,https://www.meteo.cat/observacions/xema/dades?codi=UM&dia=2026-10-05T09:00Z,,86%,0.1 mm,,9.2 MJ/m2,13.3 km/h - 298º 12:33 TU,25.8 °C 13:52 TU,13.9 °C 4:31 TU,18.6 °C
XB,La Llacuna - la Llacuna,LA_LLACUNA___LA_LLACUNA_XB,2026-10-05,2026-10-05 14:19:45,https://www.meteo.cat/observacions/xema/dades?codi=XB&dia=2026-10-05T09:00Z,,88%,0.0 mm,,,,23.1 °C 12:20 TU,14.4 °C 3:43 TU,17.3 °C
YC,La Pobla de Segur - la Pobla de Segur,LA_POBLA_DE_SEGUR___LA_POBLA_DE_SEGUR_YC,2026-10-05,2026-10-05 14:19:47,https://www.meteo.cat/observacions/xema/dades?codi=YC&dia=2026-10-05T09:00Z,,79%,0.0 mm,1021.2 hPa,11.9 MJ/m2,19.4 km/h - 326º 5:18 TU,26.4 °C 13:59 TU,14.2 °C 6:34 TU,18.3 °C
CR,La Quar - la Quar,LA_QUAR___LA_QUAR_CR,2026-10-05,2026-10-05 14:19:50,https://www.meteo.cat/observacions/xema/dades?codi=CR&dia=2026-10-05T09:00Z,,82%,0.0 mm,1021.2 hPa,,23.0 km/h - 63º 6:15 TU,23.2 °C 12:47 TU,13.2 °C 2:50 TU,16.3 °C
KX,La Roca del Vallès - la Roca del Vallès - Etap Cardedeu,LA_ROCA_DEL_VALLES___LA_ROCA_DEL_VALLES___ETAP_CAR,2026-10-05,2026-10-05 14:19:53,https://www.meteo.cat/observacions/xema/dades?codi=KX&dia=2026-10-05T09:00Z,,,,,,,,,
UW,La Ràpita - els Alfacs,LA_RAPITA___ELS_ALFACS_UW,2026-10-05,2026-10-05 14:19:54,https://www.meteo.cat/observacions/xema/dades?codi=UW&dia=2026-10-05T09:00Z,,83%,2.4 mm,1020.5 hPa,12.1 MJ/m2,19.1 km/h - 55º 0:34 TU,25.2 °C 11:56 TU,20.7 °C 6:34 TU,22.3 °C
CD,La Seu D'urgell - la Seu D'urgell - Bellestar,LA_SEU_DURGELL___LA_SEU_DURGELL___BELLESTAR_CD,2026-10-05,2026-10-05 14:19:57,https://www.meteo.cat/observacions/xema/dades?codi=CD&dia=2026-10-05T09:00Z,,86%,0.1 mm,1021.8 hPa,11.1 MJ/m2,13.0 km/h - 278º 13:19 TU,24.1 °C 13:45 TU,11.7 °C 6:08 TU,15.4 °C
UB,La Tallada D'empordà - la Tallada D'empordà,LA_TALLADA_DEMPORDA___LA_TALLADA_DEMPORDA_UB,2026-10-05,2026-10-05 14:20:00,https://www.meteo.cat/observacions/xema/dades?codi=UB&dia=2026-10-05T09:00Z,,97%,1.6 mm,,2.7 MJ/m2,11.9 km/h - 125º 13:12 TU,22.5 °C 13:59 TU,16.3 °C 5:21 TU,18.1 °C
ZD,La Tosa D'alp (2.478 m),LA_TOSA_DALP_2478_M_ZD,2026-10-05,2026-10-05 14:20:03,https://www.meteo.cat/observacions/xema/dades?codi=ZD&dia=2026-10-05T09:00Z,,100%,,,8.1 MJ/m2,25.6 km/h - 168º 3:13 TU,10.0 °C 13:29 TU,6.0 °C 0:00 TU,7.3 °C
W9,La Vall D'en Bas - la Vall D'en Bas,LA_VALL_DEN_BAS___LA_VALL_DEN_BAS_W9,2026-10-05,2026-10-05 14:20:05,https://www.meteo.cat/observacions/xema/dades?codi=W9&dia=2026-10-05T09:00Z,,95%,0.0 mm,,3.9 MJ/m2,15.8 km/h - 76º 13:47 TU,20.9 °C 12:51 TU,14.2 °C 6:30 TU,16.2 °C
Z2,La Vall de Boí - Boí (2.535 m),LA_VALL_DE_BOI___BOI_2535_M_Z2,2026-10-05,2026-10-05 14:20:08,https://www.meteo.cat/observacions/xema/dades?codi=Z2&dia=2026-10-05T09:00Z,5 cm,88%,0.0 mm,,9.4 MJ/m2,20.5 km/h - 118º 0:41 TU,9.5 °C 10:12 TU,5.5 °C 4:40 TU,7.1 °C
YD,Les Borges Blanques - Les Borges Blanques,LES_BORGES_BLANQUES___LES_BORGES_BLANQUES_YD,2026-10-05,2026-10-05 14:20:11,https://www.meteo.cat/observacions/xema/dades?codi=YD&dia=2026-10-05T09:00Z,,82%,0.0 mm,1020.3 hPa,11.4 MJ/m2,14.4 km/h - 295º 13:27 TU,28.6 °C 13:54 TU,14.3 °C 3:01 TU,19.1 °C
US,Les Cases D'alcanar,LES_CASES_DALCANAR_US,2026-10-05,2026-10-05 14:20:14,https://www.meteo.cat/observacions/xema/dades?codi=US&dia=2026-10-05T09:00Z,,83%,7.6 mm,,13.2 MJ/m2,21.6 km/h - 1º 1:25 TU,25.0 °C 13:40 TU,19.4 °C 5:40 TU,22.2 °C
Z5,Lladorre - Certascan (2.400 m),LLADORRE___CERTASCAN_2400_M_Z5,2026-10-05,2026-10-05 14:20:16,https://www.meteo.cat/observacions/xema/dades?codi=Z5&dia=2026-10-05T09:00Z,0 cm,80%,0.0 mm,,8.6 MJ/m2,18.4 km/h - 242º 13:28 TU,11.2 °C 13:36 TU,6.0 °C 2:35 TU,8.4 °C
VO,Lladurs,LLADURS_VO,2026-10-05,2026-10-05 14:20:19,https://www.meteo.cat/observacions/xema/dades?codi=VO&dia=2026-10-05T09:00Z,,81%,0.0 mm,,10.4 MJ/m2,10.8 km/h - 137º 12:13 TU,25.2 °C 13:59 TU,13.3 °C 6:03 TU,17.3 °C
YJ,Lleida - la Femosa,LLEIDA___LA_FEMOSA_YJ,2026-10-05,2026-10-05 14:20:22,https://www.meteo.cat/observacions/xema/dades?codi=YJ&dia=2026-10-05T09:00Z,,80%,0.0 mm,,12.0 MJ/m2,20.5 km/h - 71º 12:11 TU,28.3 °C 13:33 TU,15.1 °C 6:16 TU,19.9 °C
VK,Lleida - Raimat,LLEIDA___RAIMAT_VK,2026-10-05,2026-10-05 14:20:25,https://www.meteo.cat/observacions/xema/dades?codi=VK&dia=2026-10-05T09:00Z,,81%,0.0 mm,1020.6 hPa,13.1 MJ/m2,25.6 km/h - 85º 1:30 TU,28.9 °C 13:50 TU,14.8 °C 6:14 TU,20.2 °C
WI,Maials,MAIALS_WI,2026-10-05,2026-10-05 14:20:27,https://www.meteo.cat/observacions/xema/dades?codi=WI&dia=2026-10-05T09:00Z,,85%,0.0 mm,,12.7 MJ/m2,13.3 km/h - 251º 8:01 TU,27.3 °C 13:28 TU,14.3 °C 6:01 TU,18.7 °C
WT,Malgrat de Mar,MALGRAT_DE_MAR_WT,2026-10-05,2026-10-05 14:20:30,https://www.meteo.cat/observacions/xema/dades?codi=WT&dia=2026-10-05T09:00Z,,97%,18.2 mm,1021.4 hPa,2.2 MJ/m2,33.1 km/h - 342º 6:43 TU,21.5 °C 13:58 TU,17.8 °C 5:42 TU,18.7 °C
D1,Margalef,MARGALEF_D1,2026-10-05,2026-10-05 14:20:33,https://www.meteo.cat/observacions/xema/dades?codi=D1&dia=2026-10-05T09:00Z,,79%,0.0 mm,1020.3 hPa,10.2 MJ/m2,23.0 km/h - 252º 11:29 TU,27.0 °C 13:12 TU,15.6 °C 3:45 TU,19.7 °C
C9,Mas de Barberans,MAS_DE_BARBERANS_C9,2026-10-05,2026-10-05 14:20:35,https://www.meteo.cat/observacions/xema/dades?codi=C9&dia=2026-10-05T09:00Z,,88%,2.7 mm,1020.6 hPa,12.6 MJ/m2,17.3 km/h - 119º 11:36 TU,25.3 °C 12:54 TU,18.3 °C 6:34 TU,21.0 °C
YE,Massoteres,MASSOTERES_YE,2026-10-05,2026-10-05 14:20:38,https://www.meteo.cat/observacions/xema/dades?codi=YE&dia=2026-10-05T09:00Z,,76%,0.1 mm,,10.2 MJ/m2,23.0 km/h - 83º 1:10 TU,26.9 °C 13:40 TU,15.1 °C 4:33 TU,19.1 °C
YV,Mataró,MATARO_YV,2026-10-05,2026-10-05 14:20:41,https://www.meteo.cat/observacions/xema/dades?codi=YV&dia=2026-10-05T09:00Z,,95%,17.0 mm,,,34.9 km/h - 299º 6:03 TU,22.7 °C 13:59 TU,17.8 °C 9:32 TU,19.5 °C
WP,Mediona - Canaletes,MEDIONA___CANALETES_WP,2026-10-05,2026-10-05 14:20:44,https://www.meteo.cat/observacions/xema/dades?codi=WP&dia=2026-10-05T09:00Z,,87%,1.2 mm,,9.1 MJ/m2,21.2 km/h - 324º 4:48 TU,24.2 °C 12:35 TU,16.6 °C 6:13 TU,18.9 °C
Z3,Meranges - Malniu (2.230 m),MERANGES___MALNIU_2230_M_Z3,2026-10-05,2026-10-05 14:20:46,https://www.meteo.cat/observacions/xema/dades?codi=Z3&dia=2026-10-05T09:00Z,0 cm,85%,1.3 mm,,9.7 MJ/m2,16.6 km/h - 208º 11:44 TU,14.0 °C 10:41 TU,6.8 °C 1:13 TU,9.4 °C
XI,Mollerussa,MOLLERUSSA_XI,2026-10-05,2026-10-05 14:20:49,https://www.meteo.cat/observacions/xema/dades?codi=XI&dia=2026-10-05T09:00Z,,79%,0.0 mm,1020.7 hPa,11.4 MJ/m2,14.4 km/h - 61º 0:51 TU,28.3 °C 13:15 TU,16.4 °C 5:09 TU,20.2 °C
CG,Molló - Fabert,MOLLO___FABERT_CG,2026-10-05,2026-10-05 14:20:51,https://www.meteo.cat/observacions/xema/dades?codi=CG&dia=2026-10-05T09:00Z,5 cm,89%,0.0 mm,1021.5 hPa,6.2 MJ/m2,16.9 km/h - 179º 12:37 TU,17.5 °C 11:37 TU,10.0 °C 3:55 TU,13.2 °C
WN,Monistrol de Montserrat - Montserrat - Sant Dimes,MONISTROL_DE_MONTSERRAT___MONTSERRAT___SANT_DIMES_,2026-10-05,2026-10-05 14:20:54,https://www.meteo.cat/observacions/xema/dades?codi=WN&dia=2026-10-05T09:00Z,,90%,0.0 mm,,7.9 MJ/m2,23.8 km/h - 108º 8:40 TU,20.2 °C 12:13 TU,15.0 °C 9:00 TU,16.3 °C
YF,Mont-roig del Camp - Miami Platja,MONT_ROIG_DEL_CAMP___MIAMI_PLATJA_YF,2026-10-05,2026-10-05 14:20:57,https://www.meteo.cat/observacions/xema/dades?codi=YF&dia=2026-10-05T09:00Z,,80%,0.0 mm,1020.6 hPa,10.7 MJ/m2,19.8 km/h - 99º 11:44 TU,24.8 °C 11:59 TU,19.5 °C 4:07 TU,21.7 °C
Z9,Montellà i Martinet - Cadí Nord (2.143 m) - Prat D'aguiló,MONTELLA_I_MARTINET___CADI_NORD_2143_M___PRAT_DAGU,2026-10-05,2026-10-05 14:20:59,https://www.meteo.cat/observacions/xema/dades?codi=Z9&dia=2026-10-05T09:00Z,0 cm,88%,0.0 mm,,6.5 MJ/m2,18.4 km/h - 180º 0:22 TU,12.0 °C 10:51 TU,7.1 °C 1:27 TU,9.5 °C
V4,Montesquiu,MONTESQUIU_V4,2026-10-05,2026-10-05 14:21:02,https://www.meteo.cat/observacions/xema/dades?codi=V4&dia=2026-10-05T09:00Z,,86%,0.0 mm,,,,23.0 °C 13:51 TU,13.5 °C 5:00 TU,15.9 °C
XA,Montmaneu - la Panadella,MONTMANEU___LA_PANADELLA_XA,2026-10-05,2026-10-05 14:21:05,https://www.meteo.cat/observacions/xema/dades?codi=XA&dia=2026-10-05T09:00Z,,85%,0.0 mm,1020.8 hPa,9.9 MJ/m2,24.1 km/h - 80º 10:12 TU,23.3 °C 13:07 TU,14.3 °C 1:58 TU,16.9 °C
CY,Muntanyola,MUNTANYOLA_CY,2026-10-05,2026-10-05 14:21:08,https://www.meteo.cat/observacions/xema/dades?codi=CY&dia=2026-10-05T09:00Z,,93%,0.0 mm,1021.7 hPa,6.8 MJ/m2,20.9 km/h - 62º 12:40 TU,19.6 °C 13:59 TU,13.3 °C 4:41 TU,15.5 °C
Y5,Navata,NAVATA_Y5,2026-10-05,2026-10-05 14:21:10,https://www.meteo.cat/observacions/xema/dades?codi=Y5&dia=2026-10-05T09:00Z,,100%,4.5 mm,,2.8 MJ/m2,15.5 km/h - 42º 12:49 TU,21.3 °C 11:29 TU,15.3 °C 1:33 TU,18.1 °C
MW,Navès,NAVES_MW,2026-10-05,2026-10-05 14:21:13,https://www.meteo.cat/observacions/xema/dades?codi=MW&dia=2026-10-05T09:00Z,,,,,,,,,
VY,Nulles,NULLES_VY,2026-10-05,2026-10-05 14:21:16,https://www.meteo.cat/observacions/xema/dades?codi=VY&dia=2026-10-05T09:00Z,,81%,0.1 mm,,,,25.8 °C 13:04 TU,17.5 °C 3:30 TU,20.4 °C
W5,Oliana,OLIANA_W5,2026-10-05,2026-10-05 14:21:18,https://www.meteo.cat/observacions/xema/dades?codi=W5&dia=2026-10-05T09:00Z,,75%,0.0 mm,,10.3 MJ/m2,27.7 km/h - 324º 9:03 TU,26.8 °C 13:52 TU,14.8 °C 4:55 TU,18.8 °C
WA,Oliola,OLIOLA_WA,2026-10-05,2026-10-05 14:21:21,https://www.meteo.cat/observacions/xema/dades?codi=WA&dia=2026-10-05T09:00Z,,80%,0.0 mm,,9.8 MJ/m2,18.0 km/h - 103º 13:12 TU,28.4 °C 13:56 TU,15.6 °C 2:39 TU,19.2 °C
YB,Olot,OLOT_YB,2026-10-05,2026-10-05 14:21:24,https://www.meteo.cat/observacions/xema/dades?codi=YB&dia=2026-10-05T09:00Z,,91%,0.1 mm,1022.4 hPa,4.4 MJ/m2,15.5 km/h - 74º 13:46 TU,21.7 °C 12:38 TU,14.1 °C 6:02 TU,16.7 °C
CJ,Organyà,ORGANYA_CJ,2026-10-05,2026-10-05 14:21:26,https://www.meteo.cat/observacions/xema/dades?codi=CJ&dia=2026-10-05T09:00Z,,83%,0.0 mm,1021.8 hPa,10.9 MJ/m2,33.8 km/h - 38º 8:25 TU,27.2 °C 13:55 TU,13.5 °C 7:04 TU,17.2 °C
CC,Orís,ORIS_CC,2026-10-05,2026-10-05 14:21:29,https://www.meteo.cat/observacions/xema/dades?codi=CC&dia=2026-10-05T09:00Z,,83%,0.0 mm,1021.8 hPa,6.1 MJ/m2,15.8 km/h - 314º 4:57 TU,22.9 °C 13:42 TU,13.6 °C 6:22 TU,16.5 °C
UY,Os de Balaguer - el Monestir D'avellanes,OS_DE_BALAGUER___EL_MONESTIR_DAVELLANES_UY,2026-10-05,2026-10-05 14:21:32,https://www.meteo.cat/observacions/xema/dades?codi=UY&dia=2026-10-05T09:00Z,,82%,0.0 mm,,11.5 MJ/m2,20.9 km/h - 118º 13:27 TU,26.9 °C 13:35 TU,13.9 °C 6:30 TU,18.5 °C
YP,Palafrugell,PALAFRUGELL_YP,2026-10-05,2026-10-05 14:21:35,https://www.meteo.cat/observacions/xema/dades?codi=YP&dia=2026-10-05T09:00Z,,93%,0.2 mm,,2.6 MJ/m2,20.5 km/h - 332º 9:41 TU,21.6 °C 13:51 TU,17.3 °C 1:00 TU,18.7 °C
J5,Pantà de Darnius - Boadella,PANTA_DE_DARNIUS___BOADELLA_J5,2026-10-05,2026-10-05 14:21:37,https://www.meteo.cat/observacions/xema/dades?codi=J5&dia=2026-10-05T09:00Z,,93%,0.7 mm,1022.1 hPa,3.3 MJ/m2,18.0 km/h - 318º 7:23 TU,21.5 °C 10:46 TU,16.2 °C 2:34 TU,18.4 °C
XG,Parets del Vallès,PARETS_DEL_VALLES_XG,2026-10-05,2026-10-05 14:21:40,https://www.meteo.cat/observacions/xema/dades?codi=XG&dia=2026-10-05T09:00Z,,93%,43.6 mm,1021.8 hPa,5.4 MJ/m2,25.6 km/h - 29º 6:25 TU,23.2 °C 13:57 TU,16.6 °C 6:42 TU,18.6 °C
V5,Perafita,PERAFITA_V5,2026-10-05,2026-10-05 14:21:43,https://www.meteo.cat/observacions/xema/dades?codi=V5&dia=2026-10-05T09:00Z,,79%,0.0 mm,,7.7 MJ/m2,23.8 km/h - 66º 13:48 TU,21.7 °C 12:49 TU,14.2 °C 1:30 TU,17.1 °C
VP,Pinós,PINOS_VP,2026-10-05,2026-10-05 14:21:46,https://www.meteo.cat/observacions/xema/dades?codi=VP&dia=2026-10-05T09:00Z,,84%,0.0 mm,,11.2 MJ/m2,27.4 km/h - 52º 9:48 TU,23.8 °C 13:41 TU,14.1 °C 6:00 TU,17.2 °C
D6,Portbou - Coll dels Belitres,PORTBOU___COLL_DELS_BELITRES_D6,2026-10-05,2026-10-05 14:21:48,https://www.meteo.cat/observacions/xema/dades?codi=D6&dia=2026-10-05T09:00Z,,95%,4.9 mm,1021.7 hPa,3.0 MJ/m2,19.1 km/h - 15º 10:44 TU,21.0 °C 13:41 TU,17.9 °C 2:57 TU,19.3 °C
XR,Prades,PRADES_XR,2026-10-05,2026-10-05 14:21:51,https://www.meteo.cat/observacions/xema/dades?codi=XR&dia=2026-10-05T09:00Z,10 cm,89%,0.0 mm,,7.5 MJ/m2,11.2 km/h - 90º 2:26 TU,23.2 °C 12:04 TU,13.3 °C 6:14 TU,16.7 °C
YA,Puigcerdà,PUIGCERDA_YA,2026-10-05,2026-10-05 14:21:54,https://www.meteo.cat/observacions/xema/dades?codi=YA&dia=2026-10-05T09:00Z,,84%,0.3 mm,1022.3 hPa,12.5 MJ/m2,17.6 km/h - 222º 13:55 TU,22.4 °C 13:00 TU,8.5 °C 4:33 TU,13.0 °C
YH,Pujalt,PUJALT_YH,2026-10-05,2026-10-05 14:21:56,https://www.meteo.cat/observacions/xema/dades?codi=YH&dia=2026-10-05T09:00Z,,81%,0.0 mm,,10.7 MJ/m2,24.5 km/h - 69º 6:19 TU,23.3 °C 13:14 TU,14.8 °C 1:32 TU,17.6 °C
DG,Queralbs - Núria (1.971 m),QUERALBS___NURIA_1971_M_DG,2026-10-05,2026-10-05 14:21:59,https://www.meteo.cat/observacions/xema/dades?codi=DG&dia=2026-10-05T09:00Z,0 cm,93%,0.3 mm,,7.9 MJ/m2,9.0 km/h - 211º 12:26 TU,14.3 °C 12:44 TU,5.7 °C 3:12 TU,9.2 °C
VU,Rellinars,RELLINARS_VU,2026-10-05,2026-10-05 14:22:02,https://www.meteo.cat/observacions/xema/dades?codi=VU&dia=2026-10-05T09:00Z,,94%,1.9 mm,,6.7 MJ/m2,6.8 km/h - 189º 13:19 TU,23.9 °C 13:46 TU,14.8 °C 3:51 TU,17.0 °C
VC,Riba-roja D'ebre - Pantà de Riba-roja,RIBA_ROJA_DEBRE___PANTA_DE_RIBA_ROJA_VC,2026-10-05,2026-10-05 14:22:05,https://www.meteo.cat/observacions/xema/dades?codi=VC&dia=2026-10-05T09:00Z,,80%,0.0 mm,,12.4 MJ/m2,16.2 km/h - 248º 7:38 TU,30.2 °C 13:17 TU,18.2 °C 5:38 TU,22.2 °C
YL,Riudecanyes,RIUDECANYES_YL,2026-10-05,2026-10-05 14:22:07,https://www.meteo.cat/observacions/xema/dades?codi=YL&dia=2026-10-05T09:00Z,,78%,0.0 mm,,10.2 MJ/m2,20.2 km/h - 180º 12:14 TU,25.8 °C 13:08 TU,18.2 °C 3:54 TU,21.1 °C
X5,Roquetes - Pn dels Ports,ROQUETES___PN_DELS_PORTS_X5,2026-10-05,2026-10-05 14:22:10,https://www.meteo.cat/observacions/xema/dades?codi=X5&dia=2026-10-05T09:00Z,0 cm,93%,2.4 mm,1020.3 hPa,13.5 MJ/m2,22.3 km/h - 56º 1:37 TU,22.7 °C 12:43 TU,12.4 °C 6:38 TU,16.3 °C
D4,Roses,ROSES_D4,2026-10-05,2026-10-05 14:22:13,https://www.meteo.cat/observacions/xema/dades?codi=D4&dia=2026-10-05T09:00Z,,99%,0.0 mm,1021.8 hPa,4.8 MJ/m2,29.9 km/h - 7º 12:02 TU,23.3 °C 12:44 TU,16.5 °C 3:01 TU,19.8 °C
XF,Sabadell - Parc Agrari,SABADELL___PARC_AGRARI_XF,2026-10-05,2026-10-05 14:22:16,https://www.meteo.cat/observacions/xema/dades?codi=XF&dia=2026-10-05T09:00Z,,94%,8.9 mm,1021.5 hPa,6.5 MJ/m2,25.2 km/h - 85º 13:17 TU,22.4 °C 13:08 TU,15.5 °C 3:52 TU,17.8 °C
XV,Sant Cugat del Vallès - Car,SANT_CUGAT_DEL_VALLES___CAR_XV,2026-10-05,2026-10-05 14:22:18,https://www.meteo.cat/observacions/xema/dades?codi=XV&dia=2026-10-05T09:00Z,,94%,37.6 mm,,6.2 MJ/m2,14.8 km/h - 351º 9:46 TU,23.3 °C 13:56 TU,16.6 °C 5:31 TU,18.1 °C
WQ,Sant Esteve de la Sarga - Montsec D'ares (1.572 m),SANT_ESTEVE_DE_LA_SARGA___MONTSEC_DARES_1572_M_WQ,2026-10-05,2026-10-05 14:22:21,https://www.meteo.cat/observacions/xema/dades?codi=WQ&dia=2026-10-05T09:00Z,,93%,0.1 mm,,7.9 MJ/m2,28.1 km/h - 138º 1:55 TU,18.0 °C 13:39 TU,11.0 °C 4:45 TU,13.1 °C
DL,Sant Jaume D'enveja - Illa de Buda,SANT_JAUME_DENVEJA___ILLA_DE_BUDA_DL,2026-10-05,2026-10-05 14:22:24,https://www.meteo.cat/observacions/xema/dades?codi=DL&dia=2026-10-05T09:00Z,,82%,0.9 mm,1020.6 hPa,11.4 MJ/m2,34.6 km/h - 53º 0:27 TU,25.1 °C 13:29 TU,21.7 °C 7:13 TU,22.7 °C
M6,Sant Joan de Les Abadesses,SANT_JOAN_DE_LES_ABADESSES_M6,2026-10-05,2026-10-05 14:22:27,https://www.meteo.cat/observacions/xema/dades?codi=M6&dia=2026-10-05T09:00Z,,,,,,,,,
VV,Sant Llorenç Savall,SANT_LLORENC_SAVALL_VV,2026-10-05,2026-10-05 14:22:29,https://www.meteo.cat/observacions/xema/dades?codi=VV&dia=2026-10-05T09:00Z,,93%,0.3 mm,,,15.5 km/h - 153º 9:01 TU,21.5 °C 13:52 TU,13.3 °C 4:35 TU,16.1 °C
WL,Sant Martí de Riucorb,SANT_MARTI_DE_RIUCORB_WL,2026-10-05,2026-10-05 14:22:32,https://www.meteo.cat/observacions/xema/dades?codi=WL&dia=2026-10-05T09:00Z,,78%,0.0 mm,,10.0 MJ/m2,11.5 km/h - 52º 13:57 TU,27.1 °C 13:51 TU,15.5 °C 2:48 TU,19.2 °C
U3,Sant Martí Sarroca,SANT_MARTI_SARROCA_U3,2026-10-05,2026-10-05 14:22:35,https://www.meteo.cat/observacions/xema/dades?codi=U3&dia=2026-10-05T09:00Z,,87%,12.3 mm,,9.2 MJ/m2,18.4 km/h - 110º 13:31 TU,24.1 °C 13:52 TU,16.6 °C 6:14 TU,18.9 °C
CI,Sant Pau de Segúries,SANT_PAU_DE_SEGURIES_CI,2026-10-05,2026-10-05 14:22:37,https://www.meteo.cat/observacions/xema/dades?codi=CI&dia=2026-10-05T09:00Z,,87%,0.1 mm,1023.3 hPa,,14.8 km/h - 152º 9:01 TU,19.5 °C 11:49 TU,11.6 °C 0:55 TU,14.8 °C
UK,Sant Pere de Ribes - Pn del Garraf,SANT_PERE_DE_RIBES___PN_DEL_GARRAF_UK,2026-10-05,2026-10-05 14:22:39,https://www.meteo.cat/observacions/xema/dades?codi=UK&dia=2026-10-05T09:00Z,,90%,29.0 mm,,,,24.7 °C 12:38 TU,16.7 °C 6:00 TU,18.9 °C
U2,Sant Pere Pescador,SANT_PERE_PESCADOR_U2,2026-10-05,2026-10-05 14:22:42,https://www.meteo.cat/observacions/xema/dades?codi=U2&dia=2026-10-05T09:00Z,,99%,0.4 mm,1022.2 hPa,3.3 MJ/m2,22.7 km/h - 108º 13:01 TU,22.4 °C 12:05 TU,16.3 °C 4:46 TU,18.4 °C
YO,Sant Sadurní D'anoia,SANT_SADURNI_DANOIA_YO,2026-10-05,2026-10-05 14:22:45,https://www.meteo.cat/observacions/xema/dades?codi=YO&dia=2026-10-05T09:00Z,,90%,1.7 mm,,8.1 MJ/m2,20.9 km/h - 98º 13:02 TU,24.1 °C 12:37 TU,17.1 °C 6:36 TU,18.9 °C
CL,Sant Salvador de Guardiola,SANT_SALVADOR_DE_GUARDIOLA_CL,2026-10-05,2026-10-05 14:22:48,https://www.meteo.cat/observacions/xema/dades?codi=CL&dia=2026-10-05T09:00Z,,91%,0.1 mm,1021.3 hPa,9.1 MJ/m2,15.1 km/h - 116º 13:39 TU,25.4 °C 13:06 TU,14.7 °C 5:10 TU,17.8 °C
XS,Santa Coloma de Farners,SANTA_COLOMA_DE_FARNERS_XS,2026-10-05,2026-10-05 14:22:50,https://www.meteo.cat/observacions/xema/dades?codi=XS&dia=2026-10-05T09:00Z,,96%,3.9 mm,,1.5 MJ/m2,15.5 km/h - 321º 2:14 TU,20.6 °C 13:56 TU,15.6 °C 1:19 TU,17.6 °C
UJ,Santa Coloma de Queralt,SANTA_COLOMA_DE_QUERALT_UJ,2026-10-05,2026-10-05 14:22:53,https://www.meteo.cat/observacions/xema/dades?codi=UJ&dia=2026-10-05T09:00Z,,84%,0.0 mm,,10.2 MJ/m2,20.2 km/h - 86º 9:47 TU,24.9 °C 13:19 TU,14.8 °C 2:27 TU,17.9 °C
XN,Seròs,SEROS_XN,2026-10-05,2026-10-05 14:22:55,https://www.meteo.cat/observacions/xema/dades?codi=XN&dia=2026-10-05T09:00Z,,83%,0.0 mm,,12.1 MJ/m2,9.7 km/h - 110º 11:08 TU,29.4 °C 13:59 TU,14.8 °C 6:09 TU,19.8 °C
ZC,Setcases - Ulldeter (2.413 m),SETCASES___ULLDETER_2413_M_ZC,2026-10-05,2026-10-05 14:22:58,https://www.meteo.cat/observacions/xema/dades?codi=ZC&dia=2026-10-05T09:00Z,0 cm,94%,0.1 mm,,6.9 MJ/m2,27.4 km/h - 207º 2:13 TU,10.0 °C 11:19 TU,5.9 °C 0:07 TU,7.7 °C
XT,Solsona,SOLSONA_XT,2026-10-05,2026-10-05 14:23:00,https://www.meteo.cat/observacions/xema/dades?codi=XT&dia=2026-10-05T09:00Z,,83%,0.0 mm,1021.2 hPa,11.8 MJ/m2,25.6 km/h - 119º 10:27 TU,24.5 °C 13:58 TU,12.8 °C 5:49 TU,16.9 °C
XH,Sort,SORT_XH,2026-10-05,2026-10-05 14:23:03,https://www.meteo.cat/observacions/xema/dades?codi=XH&dia=2026-10-05T09:00Z,2 cm,84%,0.0 mm,1021.3 hPa,,,25.1 °C 13:31 TU,11.6 °C 6:14 TU,16.6 °C
VX,Tagamanent - Pn del Montseny,TAGAMANENT___PN_DEL_MONTSENY_VX,2026-10-05,2026-10-05 14:23:06,https://www.meteo.cat/observacions/xema/dades?codi=VX&dia=2026-10-05T09:00Z,,94%,7.4 mm,,,,18.6 °C 13:13 TU,12.9 °C 9:31 TU,15.2 °C
XE,Tarragona - Complex Educatiu,TARRAGONA___COMPLEX_EDUCATIU_XE,2026-10-05,2026-10-05 14:23:08,https://www.meteo.cat/observacions/xema/dades?codi=XE&dia=2026-10-05T09:00Z,,80%,5.3 mm,1020.3 hPa,9.7 MJ/m2,21.2 km/h - 113º 11:31 TU,25.4 °C 12:55 TU,19.2 °C 8:43 TU,21.5 °C
YK,Terrassa,TERRASSA_YK,2026-10-05,2026-10-05 14:23:11,https://www.meteo.cat/observacions/xema/dades?codi=YK&dia=2026-10-05T09:00Z,,95%,6.6 mm,,6.8 MJ/m2,28.4 km/h - 101º 13:26 TU,22.2 °C 11:34 TU,16.5 °C 3:20 TU,18.3 °C
Y6,Tivissa,TIVISSA_Y6,2026-10-05,2026-10-05 14:23:14,https://www.meteo.cat/observacions/xema/dades?codi=Y6&dia=2026-10-05T09:00Z,,79%,0.0 mm,,10.1 MJ/m2,26.3 km/h - 125º 0:07 TU,26.5 °C 13:51 TU,16.6 °C 6:30 TU,20.2 °C
DK,Torredembarra,TORREDEMBARRA_DK,2026-10-05,2026-10-05 14:23:16,https://www.meteo.cat/observacions/xema/dades?codi=DK&dia=2026-10-05T09:00Z,,84%,13.4 mm,1020.2 hPa,10.0 MJ/m2,28.1 km/h - 15º 8:02 TU,24.8 °C 11:04 TU,17.9 °C 8:11 TU,20.8 °C
X7,Torres de Segre,TORRES_DE_SEGRE_X7,2026-10-05,2026-10-05 14:23:19,https://www.meteo.cat/observacions/xema/dades?codi=X7&dia=2026-10-05T09:00Z,,83%,0.0 mm,,11.9 MJ/m2,13.7 km/h - 46º 10:18 TU,28.4 °C 13:22 TU,15.4 °C 6:07 TU,19.6 °C
XZ,Torroella de Fluvià,TORROELLA_DE_FLUVIA_XZ,2026-10-05,2026-10-05 14:23:22,https://www.meteo.cat/observacions/xema/dades?codi=XZ&dia=2026-10-05T09:00Z,,100%,7.7 mm,,,,22.2 °C 13:59 TU,14.8 °C 5:18 TU,17.6 °C
UE,Torroella de Montgrí,TORROELLA_DE_MONTGRI_UE,2026-10-05,2026-10-05 14:23:24,https://www.meteo.cat/observacions/xema/dades?codi=UE&dia=2026-10-05T09:00Z,,96%,0.0 mm,,,,21.9 °C 13:53 TU,16.2 °C 3:22 TU,18.3 °C
WR,Torroja del Priorat,TORROJA_DEL_PRIORAT_WR,2026-10-05,2026-10-05 14:23:27,https://www.meteo.cat/observacions/xema/dades?codi=WR&dia=2026-10-05T09:00Z,,85%,0.0 mm,,10.8 MJ/m2,14.8 km/h - 264º 13:05 TU,29.1 °C 13:26 TU,16.6 °C 6:01 TU,20.5 °C
XQ,Tremp,TREMP_XQ,2026-10-05,2026-10-05 14:23:30,https://www.meteo.cat/observacions/xema/dades?codi=XQ&dia=2026-10-05T09:00Z,,83%,0.0 mm,,11.5 MJ/m2,12.6 km/h - 29º 0:38 TU,27.3 °C 13:53 TU,14.3 °C 6:34 TU,18.5 °C
C7,Tàrrega,TARREGA_C7,2026-10-05,2026-10-05 14:23:32,https://www.meteo.cat/observacions/xema/dades?codi=C7&dia=2026-10-05T09:00Z,,79%,0.0 mm,1020.6 hPa,8.2 MJ/m2,17.6 km/h - 47º 0:14 TU,26.9 °C 13:15 TU,16.5 °C 2:00 TU,19.7 °C
YG,Tírvia,TIRVIA_YG,2026-10-05,2026-10-05 14:23:35,https://www.meteo.cat/observacions/xema/dades?codi=YG&dia=2026-10-05T09:00Z,,80%,0.0 mm,1021.8 hPa,10.7 MJ/m2,21.2 km/h - 283º 13:20 TU,23.9 °C 12:57 TU,10.6 °C 6:32 TU,15.1 °C
UX,Ulldecona - els Valentins,ULLDECONA___ELS_VALENTINS_UX,2026-10-05,2026-10-05 14:23:38,https://www.meteo.cat/observacions/xema/dades?codi=UX&dia=2026-10-05T09:00Z,,84%,0.8 mm,,12.2 MJ/m2,14.4 km/h - 7º 1:43 TU,27.1 °C 12:35 TU,18.0 °C 6:06 TU,21.6 °C
XD,Ulldemolins,ULLDEMOLINS_XD,2026-10-05,2026-10-05 14:23:40,https://www.meteo.cat/observacions/xema/dades?codi=XD&dia=2026-10-05T09:00Z,,77%,0.0 mm,1020.3 hPa,9.9 MJ/m2,25.6 km/h - 261º 13:14 TU,25.9 °C 12:58 TU,14.5 °C 7:11 TU,18.3 °C
D2,Vacarisses,VACARISSES_D2,2026-10-05,2026-10-05 14:23:43,https://www.meteo.cat/observacions/xema/dades?codi=D2&dia=2026-10-05T09:00Z,,96%,2.2 mm,1021.3 hPa,,,24.0 °C 13:28 TU,15.3 °C 3:35 TU,17.4 °C
V1,Vallfogona de Balaguer,VALLFOGONA_DE_BALAGUER_V1,2026-10-05,2026-10-05 14:23:46,https://www.meteo.cat/observacions/xema/dades?codi=V1&dia=2026-10-05T09:00Z,,77%,0.0 mm,,10.9 MJ/m2,14.4 km/h - 123º 12:00 TU,29.6 °C 13:38 TU,16.3 °C 6:17 TU,20.8 °C
D3,Vallirana,VALLIRANA_D3,2026-10-05,2026-10-05 14:23:48,https://www.meteo.cat/observacions/xema/dades?codi=D3&dia=2026-10-05T09:00Z,,94%,20.7 mm,1021.2 hPa,6.3 MJ/m2,14.0 km/h - 139º 7:44 TU,23.5 °C 13:19 TU,16.4 °C 7:50 TU,18.0 °C
XO,Vic,VIC_XO,2026-10-05,2026-10-05 14:23:51,https://www.meteo.cat/observacions/xema/dades?codi=XO&dia=2026-10-05T09:00Z,,93%,0.5 mm,,6.1 MJ/m2,15.8 km/h - 58º 13:41 TU,22.5 °C 13:58 TU,13.6 °C 5:24 TU,15.9 °C
VS,Vielha e Mijaran - Lac Redon (2.247 m),VIELHA_E_MIJARAN___LAC_REDON_2247_M_VS,2026-10-05,2026-10-05 14:23:53,https://www.meteo.cat/observacions/xema/dades?codi=VS&dia=2026-10-05T09:00Z,0 cm,89%,0.0 mm,,11.1 MJ/m2,31.3 km/h - 190º 0:39 TU,12.1 °C 13:50 TU,6.7 °C 5:30 TU,8.7 °C
YN,Vielha e Mijaran - Vielha - Elipòrt,VIELHA_E_MIJARAN___VIELHA___ELIPORT_YN,2026-10-05,2026-10-05 14:23:56,https://www.meteo.cat/observacions/xema/dades?codi=YN&dia=2026-10-05T09:00Z,2 cm,73%,0.0 mm,1020.5 hPa,10.6 MJ/m2,16.6 km/h - 228º 11:15 TU,25.5 °C 12:43 TU,10.8 °C 3:20 TU,15.8 °C
DQ,Vila-rodona,VILA_RODONA_DQ,2026-10-05,2026-10-05 14:23:59,https://www.meteo.cat/observacions/xema/dades?codi=DQ&dia=2026-10-05T09:00Z,,73%,0.1 mm,1020.4 hPa,10.1 MJ/m2,18.7 km/h - 212º 12:02 TU,25.9 °C 13:28 TU,17.9 °C 6:44 TU,20.6 °C
YY,Viladecans - les Filipines,VILADECANS_YY,2026-10-05,2026-10-05 14:24:01,https://www.meteo.cat/observacions/xema/dades?codi=YY&dia=2026-10-05T09:00Z,,89%,29.8 mm,1020.9 hPa,5.3 MJ/m2,18.4 km/h - 344º 5:50 TU,23.6 °C 13:50 TU,17.7 °C 4:32 TU,19.6 °C
WS,Viladrau,VILADRAU_WS,2026-10-05,2026-10-05 14:24:04,https://www.meteo.cat/observacions/xema/dades?codi=WS&dia=2026-10-05T09:00Z,,97%,6.2 mm,1022.1 hPa,2.1 MJ/m2,15.8 km/h - 156º 2:27 TU,16.9 °C 13:21 TU,11.7 °C 1:30 TU,13.9 °C
W4,Vilafranca del Penedès - la Granada,VILAFRANCA_DEL_PENEDES___LA_GRANADA_W4,2026-10-05,2026-10-05 14:24:07,https://www.meteo.cat/observacions/xema/dades?codi=W4&dia=2026-10-05T09:00Z,,89%,6.9 mm,,9.0 MJ/m2,28.1 km/h - 17º 3:11 TU,23.8 °C 13:57 TU,16.5 °C 6:00 TU,18.6 °C
CQ,Vilanova de Meià,VILANOVA_DE_MEIA_CQ,2026-10-05,2026-10-05 14:24:10,https://www.meteo.cat/observacions/xema/dades?codi=CQ&dia=2026-10-05T09:00Z,,71%,0.0 mm,1020.3 hPa,,20.9 km/h - 145º 9:57 TU,27.4 °C 13:57 TU,15.9 °C 5:55 TU,20.0 °C
KE,Vilanova de Sau - Pantà de Sau,VILANOVA_DE_SAU___PANTA_DE_SAU_KE,2026-10-05,2026-10-05 14:24:13,https://www.meteo.cat/observacions/xema/dades?codi=KE&dia=2026-10-05T09:00Z,,,,,,,,,
VM,Vilanova de Segrià,VILANOVA_DE_SEGRIA_VM,2026-10-05,2026-10-05 14:24:15,https://www.meteo.cat/observacions/xema/dades?codi=VM&dia=2026-10-05T09:00Z,,77%,0.0 mm,,12.2 MJ/m2,17.6 km/h - 113º 13:25 TU,29.4 °C 13:56 TU,13.9 °C 6:07 TU,20.1 °C
YR,Vilanova i la Geltrú,VILANOVA_I_LA_GELTRU_YR,2026-10-05,2026-10-05 14:24:18,https://www.meteo.cat/observacions/xema/dades?codi=YR&dia=2026-10-05T09:00Z,,89%,30.5 mm,1021.4 hPa,7.7 MJ/m2,26.6 km/h - 1º 6:39 TU,25.7 °C 12:41 TU,17.3 °C 5:50 TU,20.1 °C
D7,Vinebre,VINEBRE_D7,2026-10-05,2026-10-05 14:24:21,https://www.meteo.cat/observacions/xema/dades?codi=D7&dia=2026-10-05T09:00Z,,79%,0.0 mm,1020.5 hPa,11.9 MJ/m2,14.8 km/h - 170º 13:48 TU,30.3 °C 12:55 TU,17.7 °C 6:30 TU,21.9 °C
U6,Vinyols i els Arcs - Cambrils,VINYOLS_I_ELS_ARCS___CAMBRILS_U6,2026-10-05,2026-10-05 14:24:24,https://www.meteo.cat/observacions/xema/dades?codi=U6&dia=2026-10-05T09:00Z,,84%,0.0 mm,,6.9 MJ/m2,15.8 km/h - 114º 11:50 TU,25.5 °C 12:02 TU,18.3 °C 5:45 TU,20.9 °C
H1,Òdena,ODENA_H1,2026-10-05,2026-10-05 14:24:26,https://www.meteo.cat/observacions/xema/dades?codi=H1&dia=2026-10-05T09:00Z,,87%,0.0 mm,1021.1 hPa,9.7 MJ/m2,22.0 km/h - 84º 10:48 TU,25.1 °C 12:54 TU,15.9 °C 4:03 TU,18.8 °C
